Date,Brand Impressions,NB Impressions,Brand Search Spend,NB Search Spend,Organic Visits,Organic Enrollments,Organic CVR,Rest of Paid Spend
2025-01-18,112798,80875,"$62,107.00","$83,873.00",86K,3697,5.92%,"$528,186.04"
2025-01-19,110059,87354,"$61,498.00","$59,321.00",82K,3952,4.91%,"$501,988.84"
2025-01-20,128306,70931,"$91,908.00","$68,629.00",89K,6819,5.02%,"$554,524.26"
2025-01-21,120950,74286,"$72,885.00","$83,305.00",90K,4249,7.44%,"$644,072.41"
2025-01-22,127285,71257,"$71,408.00","$107,762.00",99K,4268,7.50%,"$710,311.94"
2025-01-23,125225,74902,"$68,323.00","$98,923.00",101K,4104,7.04%,"$659,965.85"
2025-01-24,121925,80341,"$63,226.00","$88,952.00",97K,3954,6.40%,"$667,928.98"
2025-01-25,97332,92536,"$54,978.00","$68,901.00",87K,3626,6.07%,"$616,028.91"
2025-01-26,91981,88717,"$60,063.00","$89,284.00",86K,3507,5.70%,"$623,922.48"
2025-01-27,124586,78830,"$84,653.00","$115,902.00",100K,4096,6.93%,"$663,104.94"
2025-01-28,119159,79940,"$79,137.00","$124,962.00",97K,3824,7.85%,"$698,390.18"
2025-01-29,129872,74548,"$78,232.00","$119,551.00",115K,3841,6.87%,"$851,644.40"
2025-01-30,165498,97000,"$88,181.00","$93,343.00",111K,3710,7.52%,"$622,845.96"
2025-01-31,119516,120492,"$65,969.00","$95,631.00",107K,3568,7.37%,"$569,229.84"
2025-02-01,102861,89763,"$67,760.00","$89,190.00",197K,3776,6.28%,"$511,041.44"
2025-02-02,90989,79186,"$63,629.00","$78,220.00",121K,3291,7.35%,"$503,462.28"
2025-02-03,117195,83144,"$78,146.00","$97,670.00",112K,3757,6.84%,"$545,919.56"
2025-02-04,111476,76349,"$73,144.00","$105,955.00",111K,3930,8.17%,"$653,654.33"
2025-02-05,116715,82237,"$76,814.00","$95,656.00",112K,4049,7.19%,"$598,728.05"
2025-02-06,112891,78952,"$62,996.00","$82,543.00",98K,3939,7.36%,"$553,359.77"
2025-02-07,109815,81180,"$54,717.00","$83,987.00",98K,3739,6.93%,"$500,288.87"
2025-02-08,88500,83725,"$48,095.00","$73,273.00",91K,3241,5.62%,"$466,743.04"
2025-02-09,79471,79596,"$52,607.00","$57,710.00",77K,3275,5.04%,"$468,273.50"
2025-02-10,106077,80152,"$68,737.00","$86,449.00",82K,4034,6.74%,"$526,135.80"
2025-02-11,106635,74106,"$87,403.00","$89,861.00",83K,4276,6.67%,"$598,053.82"
2025-02-12,115331,74806,"$154,228.00","$94,654.00",91K,3991,6.94%,"$579,332.96"
2025-02-13,109981,76197,"$71,424.00","$95,577.00",92K,4060,5.34%,"$538,851.58"
2025-02-14,97725,70670,"$51,965.00","$80,386.00",112K,3904,4.99%,"$486,206.92"
2025-02-15,79448,86578,"$39,795.00","$67,536.00",93K,3395,5.27%,"$485,098.81"
2025-02-16,73465,77003,"$39,124.00","$56,695.00",73K,3693,4.96%,"$462,748.50"
2025-02-17,91487,78610,"$41,757.00","$71,557.00",76K,4271,5.71%,"$515,583.48"
2025-02-18,112855,76108,"$51,308.00","$86,155.00",86K,4309,5.76%,"$585,659.40"
2025-02-19,149459,71308,"$61,351.00","$86,319.00",93K,4504,5.99%,"$554,076.57"
2025-02-20,221781,55003,"$79,049.00","$99,064.00",131K,4390,5.35%,"$545,790.40"
2025-02-21,144813,64986,"$66,658.00","$93,247.00",139K,4188,5.75%,"$515,090.57"
2025-02-22,106048,82722,"$50,131.00","$79,038.00",90K,3755,4.69%,"$528,178.82"
2025-02-23,92339,108486,"$46,058.00","$62,301.00",79K,3550,5.15%,"$589,310.08"
2025-02-24,154313,102091,"$60,190.00","$96,694.00",94K,4193,6.22%,"$623,460.42"
2025-02-25,139253,74638,"$56,350.00","$93,320.00",94K,4374,6.49%,"$780,828.69"
2025-02-26,167494,67541,"$55,169.00","$102,622.00",105K,4624,5.95%,"$691,904.28"
2025-02-27,147782,71852,"$51,575.00","$84,308.00",98K,4141,6.28%,"$613,784.20"
2025-02-28,137845,115273,"$53,621.00","$88,947.00",95K,4120,4.90%,"$558,004.57"
2025-03-01,115827,83465,"$43,676.00","$79,629.00",180K,3964,4.47%,"$508,775.29"
2025-03-02,103897,76631,"$41,671.00","$79,807.00",102K,3618,5.09%,"$566,799.21"
2025-03-03,136094,76670,"$52,363.00","$104,514.00",113K,4458,6.57%,"$582,295.97"
2025-03-04,123156,73796,"$49,860.00","$96,605.00",101K,4337,6.83%,"$667,124.90"
2025-03-05,121391,80333,"$53,432.00","$95,333.00",97K,4549,6.24%,"$596,317.18"
2025-03-06,117730,95643,"$56,073.00","$94,616.00",93K,4306,5.74%,"$568,482.38"
2025-03-07,118194,80332,"$54,041.00","$89,681.00",87K,3940,5.76%,"$535,495.81"
2025-03-08,90045,92041,"$49,221.00","$84,090.00",78K,3448,4.44%,"$511,977.77"
2025-03-09,81171,76843,"$45,809.00","$62,062.00",68K,3284,4.81%,"$521,833.25"
2025-03-10,109508,90515,"$56,002.00","$88,122.00",82K,3915,5.98%,"$575,912.17"
2025-03-11,113802,75510,"$53,025.00","$80,599.00",89K,4015,6.10%,"$752,521.14"
2025-03-12,118723,70854,"$56,478.00","$81,115.00",100K,3929,6.18%,"$645,720.62"
2025-03-13,114667,69528,"$56,597.00","$66,430.00",102K,4145,4.92%,"$574,178.45"
2025-03-14,111867,88703,"$53,579.00","$76,767.00",85K,3957,4.68%,"$455,809.98"
2025-03-15,92282,81588,"$51,961.00","$65,224.00",73K,3507,4.99%,"$435,300.41"
2025-03-16,148486,73491,"$71,612.00","$74,036.00",77K,3437,4.42%,"$490,191.04"
2025-03-17,109822,77316,"$57,219.00","$91,325.00",74K,3867,5.72%,"$537,000.64"
2025-03-18,112037,72405,"$56,305.00","$97,830.00",82K,4269,6.47%,"$723,012.12"
2025-03-19,115938,71659,"$60,000.00","$105,501.00",91K,3924,6.04%,"$603,206.13"
2025-03-20,115800,74834,"$58,157.00","$94,937.00",94K,3759,6.20%,"$553,791.88"
2025-03-21,157177,66056,"$59,111.00","$84,883.00",85K,3680,5.35%,"$505,319.82"
2025-03-22,187851,89932,"$52,628.00","$87,944.00",73K,3309,4.93%,"$503,060.99"
2025-03-23,128662,76859,"$48,715.00","$86,348.00",69K,3471,4.58%,"$486,528.69"
2025-03-24,174812,76050,"$65,484.00","$94,960.00",83K,3940,5.61%,"$599,499.84"
2025-03-25,160460,73946,"$63,256.00","$89,952.00",89K,3650,5.97%,"$719,136.74"
2025-03-26,172928,75372,"$61,424.00","$95,324.00",92K,3940,6.45%,"$670,720.42"
2025-03-27,185675,76274,"$62,795.00","$80,910.00",90K,3629,6.64%,"$663,668.68"
2025-03-28,150239,70556,"$59,462.00","$83,742.00",90K,3562,5.87%,"$596,560.63"
2025-03-29,105329,83117,"$51,524.00","$73,026.00",73K,3126,4.67%,"$593,046.23"
2025-03-30,97744,71350,"$46,706.00","$79,185.00",71K,2982,6.27%,"$714,138.46"
2025-03-31,163988,112913,"$60,121.00","$85,631.00",91K,3534,6.59%,"$749,887.10"
2025-04-01,218242,106606,"$61,550.00","$96,005.00",171K,3737,7.14%,"$648,300.16"
2025-04-02,180020,72359,"$59,883.00","$89,202.00",130K,3678,7.53%,"$644,402.28"
2025-04-03,138163,73447,"$58,636.00","$78,888.00",105K,3226,7.38%,"$579,950.09"
2025-04-04,130430,68258,"$58,196.00","$90,143.00",107K,3915,5.87%,"$498,374.14"
2025-04-05,104742,71883,"$49,923.00","$80,484.00",91K,3390,5.22%,"$464,329.41"
2025-04-06,96604,64071,"$47,807.00","$72,745.00",76K,3415,5.59%,"$510,852.02"
2025-04-07,122932,88467,"$58,383.00","$88,840.00",97K,3769,6.95%,"$593,486.24"
2025-04-08,118467,71708,"$63,019.00","$94,549.00",101K,3630,7.33%,"$699,361.00"
2025-04-09,127286,64373,"$67,900.00","$85,492.00",107K,3937,6.55%,"$603,965.52"
2025-04-10,124283,71206,"$66,138.00","$84,096.00",94K,3779,5.87%,"$629,564.16"
2025-04-11,123260,64720,"$61,342.00","$76,639.00",93K,3856,6.04%,"$531,682.61"
2025-04-12,96358,79149,"$56,140.00","$75,775.00",79K,3424,4.56%,"$511,526.62"
2025-04-13,89699,72642,"$52,119.00","$62,863.00",72K,3098,5.04%,"$524,799.32"
2025-04-14,122017,73478,"$70,293.00","$86,179.00",89K,3978,6.66%,"$634,222.95"
2025-04-15,124653,65093,"$72,204.00","$107,389.00",90K,3856,6.38%,"$675,780.60"
2025-04-16,118233,60453,"$67,877.00","$88,010.00",95K,3616,7.22%,"$567,119.65"
2025-04-17,175531,54616,"$79,304.00","$68,945.00",102K,3424,6.40%,"$543,422.95"
2025-04-18,158354,68780,"$65,084.00","$74,527.00",91K,3412,5.72%,"$503,646.38"
2025-04-19,109450,76033,"$53,057.00","$62,181.00",79K,2977,4.33%,"$499,314.11"
2025-04-20,95611,78130,"$45,863.00","$55,501.00",66K,2897,5.18%,"$488,875.46"
2025-04-21,128823,79590,"$62,695.00","$83,822.00",80K,3849,6.63%,"$564,283.28"
2025-04-22,120720,68822,"$65,641.00","$82,681.00",79K,3847,6.08%,"$683,213.57"
2025-04-23,125664,72802,"$66,319.00","$71,022.00",85K,4055,7.03%,"$616,082.54"
2025-04-24,127844,77162,"$71,995.00","$86,838.00",86K,4172,5.82%,"$724,217.98"
2025-04-25,126639,73875,"$64,754.00","$83,755.00",93K,4188,5.23%,"$650,840.16"
2025-04-26,98999,87438,"$51,222.00","$73,376.00",76K,3665,3.90%,"$608,434.43"
2025-04-27,94508,96466,"$50,117.00","$65,677.00",68K,3644,5.38%,"$695,878.86"
2025-04-28,125760,95532,"$57,882.00","$91,453.00",84K,4222,6.37%,"$633,826.57"
2025-04-29,127992,80643,"$56,528.00","$83,287.00",90K,4182,7.27%,"$788,364.85"
2025-04-30,131686,110201,"$58,637.00","$84,710.00",83K,4373,5.85%,"$693,891.62"
2025-05-01,139421,73371,"$62,548.00","$85,346.00",195K,4567,5.50%,"$589,101.88"
2025-05-02,125664,77515,"$54,595.00","$79,247.00",120K,4186,5.23%,"$517,240.16"
2025-05-03,102555,94061,"$46,663.00","$65,203.00",82K,3871,4.88%,"$445,274.88"
2025-05-04,93599,92354,"$45,350.00","$59,515.00",73K,3954,4.00%,"$457,804.31"
2025-05-05,121018,93600,"$61,856.00","$94,886.00",89K,4591,5.49%,"$529,898.91"
2025-05-06,120271,81197,"$60,134.00","$80,579.00",84K,4627,6.22%,"$595,226.86"
2025-05-07,128228,82006,"$62,969.00","$81,485.00",86K,4913,5.39%,"$520,747.62"
2025-05-08,125017,82783,"$57,480.00","$69,087.00",86K,4637,5.46%,"$487,325.95"
2025-05-09,119837,71978,"$57,505.00","$71,366.00",78K,4619,5.22%,"$467,811.40"
2025-05-10,96418,87001,"$48,691.00","$68,188.00",91K,4185,3.63%,"$443,414.88"
2025-05-11,86496,101925,"$43,174.00","$62,981.00",86K,4144,4.42%,"$444,485.85"
2025-05-12,115240,112996,"$57,924.00","$81,180.00",101K,5037,5.96%,"$586,798.46"
2025-05-13,124876,91439,"$61,097.00","$73,961.00",105K,5010,6.09%,"$666,332.71"
2025-05-14,153005,89450,"$64,278.00","$96,796.00",113K,4828,6.09%,"$606,947.96"
2025-05-15,145067,88052,"$44,414.00","$92,599.00",112K,4397,5.94%,"$574,123.26"
2025-05-16,130067,95697,"$39,590.00","$82,024.00",104K,4331,6.47%,"$529,024.82"
2025-05-17,108401,98635,"$32,531.00","$64,887.00",87K,3689,5.39%,"$481,199.19"
2025-05-18,101065,98387,"$29,856.00","$59,234.00",87K,3687,5.83%,"$525,784.22"
2025-05-19,126571,93936,"$38,760.00","$84,757.00",112K,4481,7.10%,"$674,197.36"
2025-05-20,127038,85737,"$39,284.00","$75,520.00",121K,4830,6.17%,"$671,446.91"
2025-05-21,130925,89072,"$39,702.00","$82,150.00",124K,4903,6.26%,"$602,617.30"
2025-05-22,128965,89219,"$42,041.00","$81,845.00",117K,4887,6.40%,"$605,610.66"
2025-05-23,126077,79122,"$41,172.00","$83,008.00",114K,4232,6.21%,"$548,786.64"
2025-05-24,98359,102486,"$34,068.00","$80,387.00",100K,3863,5.57%,"$474,019.58"
2025-05-25,91241,103712,"$29,708.00","$56,220.00",94K,3872,4.78%,"$496,640.36"
2025-05-26,97639,103962,"$31,219.00","$65,444.00",94K,4102,5.75%,"$545,220.21"
2025-05-27,127413,92970,"$40,085.00","$95,662.00",108K,4484,7.29%,"$710,574.92"
2025-05-28,136130,88720,"$42,091.00","$89,868.00",113K,4749,6.53%,"$668,088.45"
2025-05-29,132850,95469,"$40,116.00","$96,585.00",118K,4397,6.64%,"$613,232.52"
2025-05-30,124527,95900,"$37,371.00","$83,081.00",112K,3949,6.46%,"$577,997.17"
2025-05-31,102602,132733,"$36,261.00","$78,943.00",103K,3871,7.08%,"$519,351.02"
2025-06-01,99579,103286,"$39,151.00","$71,367.00",214K,3457,6.80%,"$566,317.53"
2025-06-02,129665,95549,"$43,969.00","$89,109.00",211K,4090,8.36%,"$650,720.83"
2025-06-03,125600,81592,"$42,754.00","$109,313.00",136K,3915,7.69%,"$644,290.76"
2025-06-04,127306,84683,"$43,384.00","$87,003.00",131K,3912,7.62%,"$660,264.93"
2025-06-05,129531,84217,"$41,827.00","$96,736.00",134K,3712,8.16%,"$605,914.85"
2025-06-06,124793,106136,"$39,860.00","$103,794.00",116K,3546,7.73%,"$585,951.13"
2025-06-07,102054,154129,"$34,044.00","$89,938.00",103K,2964,6.04%,"$555,353.34"
2025-06-08,95669,110817,"$31,477.00","$84,953.00",94K,2975,6.35%,"$550,190.61"
2025-06-09,131918,104359,"$36,912.00","$89,410.00",106K,3801,6.76%,"$641,944.79"
2025-06-10,137219,94153,"$36,785.00","$92,520.00",106K,3603,8.10%,"$828,495.29"
2025-06-11,157210,87650,"$41,251.00","$100,227.00",115K,3830,7.99%,"$784,430.52"
2025-06-12,237372,88067,"$42,809.00","$111,754.00",117K,3771,7.80%,"$668,146.44"
2025-06-13,157564,94681,"$37,637.00","$114,851.00",110K,3768,6.56%,"$600,661.52"
2025-06-14,103250,106888,"$31,043.00","$102,035.00",95K,3237,5.87%,"$583,841.87"
2025-06-15,93856,110894,"$27,570.00","$103,514.00",87K,3047,6.92%,"$563,830.91"
2025-06-16,123794,101912,"$36,658.00","$109,969.00",109K,3830,7.34%,"$761,811.31"
2025-06-17,128086,94206,"$37,992.00","$117,397.00",120K,3998,7.03%,"$709,453.38"
2025-06-18,137190,93162,"$39,196.00","$106,299.00",136K,3963,7.52%,"$705,541.38"
2025-06-19,124781,97346,"$35,967.00","$103,725.00",121K,3764,7.36%,"$621,705.32"
2025-06-20,127802,95830,"$36,165.00","$151,180.00",114K,3927,6.47%,"$613,776.26"
2025-06-21,735451,67494,"$148,972.00","$116,816.00",176K,3365,5.71%,"$665,591.41"
2025-06-22,103973,117804,"$28,949.00","$106,237.00",101K,3533,5.07%,"$617,587.46"
2025-06-23,125978,106344,"$30,796.00","$107,328.00",111K,4179,7.08%,"$700,931.36"
2025-06-24,127087,94863,"$33,162.00","$95,381.00",110K,4269,6.82%,"$875,262.65"
2025-06-25,145191,90635,"$41,570.00","$98,777.00",125K,4457,7.56%,"$791,150.98"
2025-06-26,137257,97571,"$53,251.00","$108,292.00",123K,4033,6.50%,"$715,189.72"
2025-06-27,138476,88309,"$61,717.00","$113,487.00",121K,4162,6.70%,"$641,438.65"
2025-06-28,106268,110724,"$54,737.00","$98,831.00",107K,3575,4.14%,"$627,599.27"
2025-06-29,100351,120872,"$50,117.00","$101,056.00",93K,3686,5.48%,"$645,191.03"
2025-06-30,140530,124388,"$65,759.00","$115,282.00",112K,4364,7.01%,"$829,820.63"
2025-07-01,148391,99525,"$79,435.00","$116,502.00",254K,4901,8.55%,"$823,201.77"
2025-07-02,140187,103725,"$74,796.00","$110,093.00",182K,4027,8.07%,"$749,700.54"
2025-07-03,132369,102990,"$74,230.00","$101,938.00",137K,3898,7.57%,"$646,807.84"
2025-07-04,96171,98540,"$51,380.00","$73,259.00",112K,2941,6.36%,"$588,361.27"
2025-07-05,98053,108139,"$52,474.00","$61,239.00",121K,3154,6.02%,"$568,635.96"
2025-07-06,94613,108779,"$55,963.00","$77,553.00",108K,3689,5.75%,"$656,297.35"
2025-07-07,126955,123268,"$72,030.00","$83,537.00",117K,4242,7.10%,"$688,876.09"
2025-07-08,125257,94993,"$74,634.00","$110,455.00",110K,4235,7.15%,"$795,698.01"
2025-07-09,132832,98205,"$71,885.00","$107,974.00",119K,3593,7.26%,"$709,073.71"
2025-07-10,129116,100453,"$64,280.00","$47,234.00",117K,3483,7.90%,"$689,566.41"
2025-07-11,120765,102177,"$63,822.00","$44,017.00",120K,3511,7.18%,"$576,276.76"
2025-07-12,122657,124081,"$57,959.00","$125,411.00",105K,3129,6.58%,"$550,408.85"
2025-07-13,103757,123885,"$52,300.00","$71,008.00",98K,3118,6.19%,"$564,976.80"
2025-07-14,133006,116116,"$66,014.00","$46,979.00",137K,4082,7.64%,"$700,985.45"
2025-07-15,137686,116051,"$65,712.00","$86,886.00",119K,4257,8.25%,"$866,879.18"
2025-07-16,142012,105303,"$76,152.00","$195,019.00",123K,3901,8.13%,"$730,949.90"
2025-07-17,142159,109360,"$76,784.00","$183,764.00",131K,4006,7.86%,"$700,442.97"
2025-07-18,136343,106747,"$69,290.00","$176,102.00",125K,3579,6.40%,"$643,068.79"
2025-07-19,113952,149781,"$64,152.00","$154,190.00",104K,3476,5.75%,"$682,651.82"
2025-07-20,107914,148427,"$56,915.00","$131,667.00",97K,3328,6.04%,"$682,611.97"
2025-07-21,134052,115693,"$80,285.00","$154,127.00",115K,3738,7.41%,"$746,140.09"
2025-07-22,134755,109388,"$66,830.00","$132,218.00",112K,3895,7.91%,"$854,127.29"
2025-07-23,147723,99817,"$76,851.00","$126,928.00",127K,3703,8.18%,"$807,549.03"
2025-07-24,142905,105772,"$72,325.00","$121,245.00",122K,3816,7.15%,"$787,182.35"
2025-07-25,147023,107762,"$68,582.00","$120,184.00",127K,3487,7.11%,"$752,582.54"
2025-07-26,117095,117672,"$61,214.00","$113,561.00",108K,3381,6.36%,"$738,426.46"
2025-07-27,111377,123402,"$53,652.00","$111,390.00",100K,3034,6.03%,"$762,898.18"
2025-07-28,152550,108423,"$80,115.00","$136,957.00",123K,3944,7.40%,"$900,217.41"
2025-07-29,149201,101417,"$83,117.00","$142,750.00",127K,3877,8.82%,"$1,017,899.72"
2025-07-30,151086,110392,"$83,435.00","$125,877.00",127K,4459,8.03%,"$901,463.68"
2025-07-31,146950,120349,"$81,960.00","$131,203.00",136K,4535,8.20%,"$835,182.56"
2025-08-01,142429,105814,"$80,693.00","$127,851.00",239K,4053,7.57%,"$695,951.93"
2025-08-02,112402,139345,"$61,879.00","$121,684.00",149K,3435,6.11%,"$620,426.73"
2025-08-03,106216,175324,"$62,031.00","$96,825.00",122K,3166,6.48%,"$664,658.30"
2025-08-04,131468,120493,"$71,576.00","$113,208.00",128K,3785,7.66%,"$732,701.69"
2025-08-05,126417,116599,"$79,250.00","$105,900.00",151K,3731,8.76%,"$918,889.30"
2025-08-06,145453,118576,"$81,594.00","$105,240.00",130K,3595,8.68%,"$723,252.03"
2025-08-07,135827,115254,"$76,556.00","$107,760.00",124K,3612,7.00%,"$692,154.83"
2025-08-08,133445,121793,"$80,763.00","$109,154.00",124K,3678,6.23%,"$608,088.43"
2025-08-09,105555,121745,"$63,175.00","$106,681.00",104K,3272,5.56%,"$582,432.61"
2025-08-10,98503,122117,"$67,080.00","$98,131.00",96K,3050,7.28%,"$610,965.63"
2025-08-11,129295,123305,"$78,211.00","$138,517.00",110K,3464,8.57%,"$733,792.56"
2025-08-12,139908,107971,"$83,334.00","$124,062.00",107K,3605,7.71%,"$893,371.20"
2025-08-13,156943,96678,"$80,365.00","$124,097.00",115K,3764,8.40%,"$704,240.05"
2025-08-14,136569,101810,"$85,478.00","$129,216.00",121K,3538,7.15%,"$638,329.38"
2025-08-15,128961,106165,"$77,162.00","$129,237.00",131K,3529,7.14%,"$578,727.70"
2025-08-16,104465,123339,"$60,278.00","$126,917.00",126K,3230,6.47%,"$578,894.17"
2025-08-17,99051,112868,"$67,304.00","$122,902.00",122K,3254,6.45%,"$587,063.47"
2025-08-18,124328,111069,"$83,507.00","$148,208.00",171K,3738,8.45%,"$677,012.33"
2025-08-19,123719,104587,"$79,581.00","$154,186.00",185K,3796,7.46%,"$780,322.63"
2025-08-20,137944,99687,"$80,105.00","$146,258.00",217K,3642,6.75%,"$677,979.68"
2025-08-21,156727,101778,"$68,694.00","$117,993.00",233K,3614,7.58%,"$580,569.12"
2025-08-22,128838,112379,"$54,141.00","$100,040.00",209K,3639,6.76%,"$550,409.54"
2025-08-23,103931,122077,"$44,930.00","$97,546.00",166K,3303,6.06%,"$500,905.89"
2025-08-24,100136,122874,"$41,421.00","$98,092.00",145K,3544,5.59%,"$561,254.98"
2025-08-25,136226,120631,"$55,520.00","$109,692.00",177K,3823,7.22%,"$574,276.85"
2025-08-26,135860,122962,"$58,017.00","$123,891.00",161K,3668,7.69%,"$795,684.96"
2025-08-27,150064,119742,"$60,621.00","$108,650.00",175K,3662,6.83%,"$709,683.75"
2025-08-28,144185,114505,"$58,023.00","$105,153.00",173K,3577,7.16%,"$650,459.48"
2025-08-29,136031,113433,"$56,482.00","$108,994.00",155K,4142,5.72%,"$629,999.55"
2025-08-30,103931,123062,"$45,887.00","$94,987.00",133K,3378,5.12%,"$563,084.88"
2025-08-31,98120,161265,"$42,287.00","$81,604.00",131K,3809,6.30%,"$545,808.81"
2025-09-01,111743,130051,"$47,129.00","$109,681.00",334K,3993,6.71%,"$573,209.92"
2025-09-02,134898,121451,"$56,605.00","$138,050.00",235K,4264,7.18%,"$644,165.69"
2025-09-03,144721,161735,"$59,376.00","$136,606.00",201K,4217,6.88%,"$558,045.61"
2025-09-04,135385,100095,"$57,739.00","$137,344.00",173K,4094,7.16%,"$498,596.60"
2025-09-05,132166,103496,"$57,753.00","$130,403.00",158K,4134,6.68%,"$513,671.67"
2025-09-06,101429,121637,"$54,368.00","$109,016.00",125K,3406,6.17%,"$449,452.25"
2025-09-07,94948,113108,"$51,373.00","$120,676.00",117K,3541,6.35%,"$478,132.24"
2025-09-08,125008,113221,"$65,211.00","$130,550.00",140K,4075,8.93%,"$501,156.92"
2025-09-09,152766,148102,"$63,456.00","$143,519.00",137K,3791,8.86%,"$527,552.09"
2025-09-10,151556,95499,"$62,813.00","$137,347.00",146K,3516,8.87%,"$582,838.22"
2025-09-11,135727,86734,"$58,727.00","$147,738.00",139K,3796,7.43%,"$554,750.69"
2025-09-12,134129,76880,"$58,788.00","$116,359.00",133K,3859,6.27%,"$502,804.93"
2025-09-13,111504,70341,"$47,874.00","$93,194.00",114K,3485,5.94%,"$434,429.55"
2025-09-14,104149,65498,"$45,467.00","$96,435.00",111K,3726,6.09%,"$486,238.08"
2025-09-15,128516,81828,"$55,747.00","$153,379.00",126K,4176,7.47%,"$486,080.62"
2025-09-16,140107,100788,"$61,541.00","$142,567.00",168K,4047,7.83%,"$544,297.76"
2025-09-17,139912,84963,"$65,019.00","$141,738.00",164K,4300,7.56%,"$609,182.65"
2025-09-18,135530,95278,"$60,764.00","$110,896.00",180K,3831,6.53%,"$578,609.26"
2025-09-19,134366,91068,"$61,252.00","$126,572.00",151K,4054,5.60%,"$478,106.46"
2025-09-20,108718,99755,"$51,578.00","$79,519.00",127K,3418,4.92%,"$451,287.53"
2025-09-21,100865,88882,"$46,527.00","$85,188.00",113K,3479,5.61%,"$491,205.08"
2025-09-22,130531,104727,"$56,038.00","$98,391.00",130K,4113,6.71%,"$490,406.88"
2025-09-23,134952,88595,"$60,937.00","$112,628.00",139K,3865,6.78%,"$514,454.08"
2025-09-24,142423,87918,"$62,252.00","$133,979.00",146K,4002,6.70%,"$590,808.76"
2025-09-25,148365,84939,"$64,014.00","$116,709.00",149K,4070,6.68%,"$518,235.24"
2025-09-26,159506,84307,"$63,287.00","$104,650.00",140K,3736,6.99%,"$505,607.51"
2025-09-27,131077,85130,"$43,395.00","$70,396.00",121K,3662,5.84%,"$425,702.03"
2025-09-28,104269,67322,"$43,111.00","$71,325.00",113K,3554,5.77%,"$545,666.41"
2025-09-29,146503,70940,"$60,733.00","$87,130.00",143K,4222,6.35%,"$497,286.13"
2025-09-30,153118,85329,"$63,290.00","$93,208.00",154K,4047,8.08%,"$476,093.69"
2025-10-01,155118,76570,"$66,411.00","$97,178.00",293K,4685,8.37%,"$561,615.55"
2025-10-02,141791,69978,"$59,464.00","$83,832.00",194K,4096,8.01%,"$500,793.21"
2025-10-03,135222,78940,"$57,462.00","$116,970.00",152K,3695,7.23%,"$444,658.83"
2025-10-04,108249,84421,"$49,813.00","$118,140.00",122K,3304,5.96%,"$435,373.75"
2025-10-05,103649,67391,"$47,667.00","$108,093.00",121K,3324,6.92%,"$485,658.27"
2025-10-06,133961,84539,"$59,757.00","$111,918.00",138K,3606,7.85%,"$492,039.16"
2025-10-07,137089,81429,"$60,561.00","$115,738.00",147K,3699,7.62%,"$592,459.21"
2025-10-08,140974,86680,"$61,624.00","$101,520.00",159K,3674,7.95%,"$490,593.38"
2025-10-09,137976,76321,"$72,364.00","$118,722.00",156K,3605,7.49%,"$491,698.35"
2025-10-10,129201,80404,"$67,206.00","$99,882.00",137K,3588,6.58%,"$436,902.50"
2025-10-11,106608,87048,"$59,940.00","$57,970.00",121K,3228,6.41%,"$422,317.15"
2025-10-12,100605,77250,"$57,854.00","$48,697.00",114K,3160,5.76%,"$479,700.39"
2025-10-13,118918,81870,"$67,228.00","$54,770.00",125K,3537,7.04%,"$496,675.41"
2025-10-14,134630,82152,"$76,579.00","$82,062.00",140K,4044,8.90%,"$688,136.96"
2025-10-15,139461,85796,"$81,166.00","$132,953.00",195K,3758,8.49%,"$571,274.23"
2025-10-16,137680,77852,"$77,822.00","$100,428.00",156K,3433,6.32%,"$532,278.36"
2025-10-17,130404,84525,"$99,673.00","$94,375.00",134K,3379,6.90%,"$516,685.09"
2025-10-18,103298,94278,"$93,844.00","$72,587.00",113K,3101,5.97%,"$485,104.43"
2025-10-19,98588,69820,"$91,623.00","$104,836.00",107K,2785,6.03%,"$526,545.30"
2025-10-20,529354,67103,"$212,664.00","$150,203.00",177K,3190,7.37%,"$599,581.21"
2025-10-21,144989,80781,"$58,922.00","$161,065.00",133K,3550,7.75%,"$631,029.82"
2025-10-22,155390,73322,"$60,939.00","$163,188.00",157K,3637,7.59%,"$567,851.77"
2025-10-23,148692,74652,"$63,966.00","$156,871.00",195K,3517,8.42%,"$520,227.70"
2025-10-24,140857,72243,"$58,660.00","$132,714.00",185K,3312,6.82%,"$540,821.19"
2025-10-25,107825,79592,"$48,409.00","$108,519.00",141K,2835,6.35%,"$537,798.75"
2025-10-26,103649,69096,"$48,422.00","$106,234.00",131K,2907,6.16%,"$593,240.22"
2025-10-27,140289,76512,"$54,490.00","$139,574.00",163K,3402,8.50%,"$620,669.94"
2025-10-28,134446,79250,"$53,995.00","$142,776.00",199K,3490,8.02%,"$766,299.70"
2025-10-29,158480,75339,"$55,934.00","$125,777.00",236K,3616,7.11%,"$668,842.90"
2025-10-30,145873,78919,"$57,666.00","$148,117.00",245K,3792,8.97%,"$556,701.71"
2025-10-31,136935,74440,"$56,996.00","$143,185.00",348K,3086,8.00%,"$527,706.88"
2025-11-01,120710,81218,"$53,249.00","$154,608.00",401K,2853,6.27%,"$510,718.77"
2025-11-02,110641,80381,"$50,364.00","$163,918.00",249K,3075,7.02%,"$563,367.25"
2025-11-03,135383,86842,"$57,320.00","$220,562.00",226K,3651,7.61%,"$549,673.60"
2025-11-04,133306,80838,"$58,810.00","$187,537.00",215K,3629,7.74%,"$608,337.05"
2025-11-05,145518,79209,"$63,075.00","$199,556.00",232K,3501,7.34%,"$526,278.30"
2025-11-06,147494,75012,"$65,187.00","$182,110.00",203K,3558,7.87%,"$511,555.36"
2025-11-07,139457,84243,"$56,442.00","$175,508.00",213K,3626,6.54%,"$501,239.70"
2025-11-08,108559,95072,"$51,714.00","$136,130.00",171K,3183,6.31%,"$463,817.09"
2025-11-09,103172,79854,"$48,910.00","$119,343.00",157K,3227,6.57%,"$526,484.08"
2025-11-10,130913,98332,"$60,217.00","$166,162.00",187K,3851,7.63%,"$546,022.64"
2025-11-11,123271,101041,"$57,787.00","$147,989.00",170K,3841,6.80%,"$691,763.38"
2025-11-12,144368,97538,"$64,823.00","$134,094.00",200K,3716,7.16%,"$570,881.79"
2025-11-13,137326,97017,"$68,292.00","$154,675.00",194K,4019,6.64%,"$563,212.11"
2025-11-14,134227,105704,"$73,074.00","$144,040.00",191K,3738,6.69%,"$499,349.34"
2025-11-15,108438,107571,"$62,131.00","$135,741.00",216K,3475,6.33%,"$504,733.19"
2025-11-16,104733,107203,"$57,455.00","$128,284.00",153K,3391,6.07%,"$581,714.09"
2025-11-17,128206,107036,"$73,367.00","$152,236.00",197K,3855,7.50%,"$636,607.81"
2025-11-18,131076,115312,"$76,522.00","$159,454.00",164K,3529,7.65%,"$688,343.45"
2025-11-19,135202,120439,"$65,771.00","$110,791.00",253K,3798,7.56%,"$543,265.68"
2025-11-20,135196,105523,"$64,082.00","$96,379.00",262K,3857,6.97%,"$497,960.31"
2025-11-21,129462,99566,"$59,054.00","$99,762.00",177K,3846,6.21%,"$499,420.27"
2025-11-22,108542,85852,"$52,909.00","$106,154.00",147K,3287,5.69%,"$460,996.28"
2025-11-23,103889,84402,"$48,237.00","$147,884.00",135K,3217,5.22%,"$568,844.42"
2025-11-24,138692,99568,"$65,098.00","$115,353.00",191K,3699,6.46%,"$625,915.06"
2025-11-25,135375,92039,"$62,706.00","$117,318.00",198K,3861,5.85%,"$551,036.71"
2025-11-26,133102,109392,"$60,936.00","$140,222.00",169K,3668,5.92%,"$501,272.46"
2025-11-27,96097,112016,"$46,106.00","$82,586.00",130K,3045,5.02%,"$441,623.48"
2025-11-28,127447,114716,"$62,621.00","$112,280.00",155K,3901,5.90%,"$478,645.87"
2025-11-29,111435,93102,"$58,006.00","$121,734.00",144K,3608,5.35%,"$478,976.89"
2025-11-30,106016,95226,"$56,082.00","$129,242.00",137K,3337,7.13%,"$561,381.18"
2025-12-01,145570,101229,"$69,058.00","$174,888.00",320K,4585,7.15%,"$595,352.64"
2025-12-02,135520,96368,"$67,448.00","$184,582.00",235K,4162,7.18%,"$603,629.12"
2025-12-03,144742,85510,"$69,666.00","$144,620.00",204K,4254,6.16%,"$514,480.63"
2025-12-04,138679,90982,"$67,079.00","$137,681.00",181K,3933,6.05%,"$464,586.70"
2025-12-05,149165,102480,"$68,685.00","$162,621.00",191K,3716,6.30%,"$434,205.53"
2025-12-06,108219,80363,"$52,038.00","$116,789.00",147K,3329,5.56%,"$402,965.02"
2025-12-07,101928,85089,"$48,059.00","$86,313.00",133K,3484,4.71%,"$486,033.59"
2025-12-08,124624,95366,"$60,782.00","$130,796.00",155K,3773,5.83%,"$439,380.32"
2025-12-09,122741,100340,"$55,252.00","$128,521.00",154K,3856,6.64%,"$600,221.62"
2025-12-10,137565,100208,"$59,177.00","$131,781.00",159K,3808,6.67%,"$553,004.65"
2025-12-11,135845,94626,"$60,783.00","$96,315.00",159K,3841,6.20%,"$479,996.26"
2025-12-12,132349,118265,"$58,695.00","$110,013.00",146K,3615,5.62%,"$457,844.61"
2025-12-13,109786,93554,"$50,937.00","$93,000.00",137K,3059,4.84%,"$435,620.40"
2025-12-14,99030,97920,"$50,311.00","$69,020.00",121K,3056,5.14%,"$520,465.00"
2025-12-15,124641,106623,"$58,432.00","$129,543.00",172K,3642,6.70%,"$505,107.50"
2025-12-16,126422,122092,"$63,710.00","$112,832.00",182K,3621,5.22%,"$530,015.61"
2025-12-17,121317,90920,"$63,966.00","$105,312.00",183K,3606,6.68%,"$481,738.48"
2025-12-18,128109,90369,"$63,053.00","$94,185.00",172K,3641,6.26%,"$465,605.50"
2025-12-19,127142,84976,"$57,888.00","$90,547.00",177K,3491,5.76%,"$411,717.63"
2025-12-20,106900,88097,"$51,245.00","$69,831.00",156K,3120,5.00%,"$390,102.96"
2025-12-21,103579,85506,"$48,185.00","$73,295.00",149K,3022,5.20%,"$471,069.43"
2025-12-22,130725,92202,"$57,721.00","$95,270.00",191K,3410,6.39%,"$503,578.52"
2025-12-23,135775,106069,"$62,226.00","$95,903.00",210K,3533,5.72%,"$444,331.30"
2025-12-24,123939,104317,"$52,738.00","$57,351.00",180K,3073,5.01%,"$338,288.32"
2025-12-25,89215,89413,"$40,448.00","$47,733.00",136K,2612,4.63%,"$311,649.34"
2025-12-26,117793,84869,"$54,905.00","$97,455.00",154K,3339,5.24%,"$327,754.05"
2025-12-27,104387,80011,"$50,596.00","$78,269.00",144K,3138,4.84%,"$326,450.37"
2025-12-28,99030,85217,"$49,152.00","$86,546.00",139K,3173,4.82%,"$467,838.43"
2025-12-29,131325,96723,"$64,131.00","$96,817.00",176K,3789,5.83%,"$418,699.68"
2025-12-30,137667,104201,"$67,719.00","$100,225.00",175K,3758,6.39%,"$628,172.08"
2025-12-31,135852,85214,"$63,089.00","$103,369.00",186K,3395,6.51%,"$532,794.33"
2026-01-01,111424,107641,"$60,297.00","$114,584.00",277K,3348,6.33%,"$566,717.34"
2026-01-02,132528,88870,"$67,321.00","$108,574.00",211K,3825,6.80%,"$526,646.68"
2026-01-03,113698,75756,"$61,223.00","$118,394.00",159K,3542,5.48%,"$491,746.90"
2026-01-04,103967,85949,"$57,795.00","$118,731.00",141K,3385,5.64%,"$553,004.62"
2026-01-05,130138,94665,"$67,819.00","$174,751.00",159K,3842,6.95%,"$505,521.38"
2026-01-06,122522,86112,"$68,272.00","$148,455.00",158K,3631,8.51%,"$582,762.84"
2026-01-07,149409,98542,"$67,063.00","$141,760.00",165K,3577,7.32%,"$663,624.51"
2026-01-08,143575,115771,"$63,952.00","$133,460.00",158K,3597,7.81%,"$612,369.53"
2026-01-09,131549,97234,"$63,557.00","$159,494.00",149K,3702,6.27%,"$566,478.48"
2026-01-10,113108,90023,"$56,324.00","$109,407.00",135K,3361,5.12%,"$536,864.01"
2026-01-11,108066,87771,"$52,217.00","$94,527.00",122K,3330,5.86%,"$587,441.38"
2026-01-12,128471,91148,"$62,312.00","$112,285.00",150K,3861,6.42%,"$669,855.26"
2026-01-13,131550,91367,"$68,073.00","$133,547.00",164K,4310,7.10%,"$723,422.67"
2026-01-14,139494,92540,"$75,476.00","$97,487.00",175K,4138,7.10%,"$619,048.78"
2026-01-15,131491,90666,"$74,741.00","$126,115.00",165K,4171,6.47%,"$564,879.19"
2026-01-16,135471,123128,"$67,428.00","$115,621.00",156K,3920,6.35%,"$488,790.31"
2026-01-17,107793,81884,"$57,736.00","$89,586.00",136K,3404,5.58%,"$470,203.48"
2026-01-18,104329,89129,"$54,555.00","$92,236.00",124K,3423,6.43%,"$539,132.67"
2026-01-19,116137,101429,"$58,175.00","$81,882.00",128K,3823,6.96%,"$606,987.12"
2026-01-20,126930,124106,"$65,005.00","$137,623.00",149K,3839,6.98%,"$713,797.29"
2026-01-21,136868,129291,"$66,936.00","$126,044.00",166K,4026,6.81%,"$614,920.82"
2026-01-22,136367,132512,"$66,224.00","$110,679.00",157K,3790,6.28%,"$566,535.54"
2026-01-23,137829,108682,"$68,594.00","$107,294.00",154K,3885,5.87%,"$536,296.68"
2026-01-24,108153,86192,"$58,690.00","$90,397.00",135K,3334,5.01%,"$494,711.49"
2026-01-25,98476,91075,"$53,102.00","$77,305.00",119K,2843,5.84%,"$567,967.51"
2026-01-26,135666,107834,"$70,310.00","$123,618.00",148K,3745,7.40%,"$621,285.66"
2026-01-27,133370,111075,"$68,455.00","$130,203.00",149K,3665,7.59%,"$567,379.49"
2026-01-28,143540,115708,"$71,523.00","$197,422.00",163K,3807,6.96%,"$814,679.04"
2026-01-29,140881,116254,"$74,299.00","$149,091.00",168K,3628,7.36%,"$640,122.28"
2026-01-30,144250,113476,"$68,473.00","$161,091.00",156K,3496,7.15%,"$574,789.00"
2026-01-31,115170,104872,"$60,410.00","$130,554.00",143K,3760,6.60%,"$503,866.32"
2026-02-01,115704,104488,"$62,946.00","$145,285.00",267K,3685,6.24%,"$602,720.86"
2026-02-02,148080,153167,"$70,474.00","$161,837.00",237K,3549,7.38%,"$717,561.90"
2026-02-03,152578,134490,"$72,305.00","$170,703.00",210K,3510,7.41%,"$594,571.24"
2026-02-04,147624,123326,"$69,960.00","$176,879.00",177K,3502,8.02%,"$793,777.71"
2026-02-05,139417,165526,"$65,749.00","$173,660.00",172K,3435,7.66%,"$645,099.18"
2026-02-06,138310,140083,"$65,125.00","$153,009.00",162K,3401,6.62%,"$622,397.93"
2026-02-07,116245,143875,"$58,384.00","$126,866.00",140K,3128,5.66%,"$522,010.41"
2026-02-08,100669,145650,"$52,950.00","$118,555.00",129K,3008,6.05%,"$484,354.57"
2026-02-09,127625,114987,"$62,546.00","$200,310.00",153K,3294,7.13%,"$639,694.25"
2026-02-10,129951,185723,"$58,489.00","$143,063.00",235K,3366,7.69%,"$636,676.19"
2026-02-11,136931,224901,"$57,755.00","$164,439.00",295K,3264,7.11%,"$870,055.01"
2026-02-12,132913,194044,"$56,264.00","$141,189.00",327K,3188,6.40%,"$666,228.22"
2026-02-13,132342,221512,"$55,283.00","$159,426.00",253K,3331,5.31%,"$603,356.78"
2026-02-14,106278,208833,"$46,366.00","$142,946.00",172K,3221,4.32%,"$528,865.24"
2026-02-15,102017,194152,"$45,434.00","$153,373.00",147K,3031,5.05%,"$544,245.98"
2026-02-16,117549,209565,"$51,478.00","$155,174.00",155K,3388,6.46%,"$594,334.07"
2026-02-17,130683,190203,"$60,557.00","$157,757.00",174K,3606,6.32%,"$498,815.84"
2026-02-18,147771,163641,"$64,912.00","$208,426.00",179K,3260,6.66%,"$673,922.57"
2026-02-19,145649,133627,"$63,651.00","$181,526.00",169K,3372,6.44%,"$541,792.25"
2026-02-20,154693,180827,"$58,204.00","$242,048.00",158K,3259,5.89%,"$473,370.21"
2026-02-21,124384,169283,"$49,091.00","$183,863.00",134K,2896,5.35%,"$417,455.60"
2026-02-22,108621,106730,"$42,952.00","$183,066.00",122K,2788,5.67%,"$419,966.00"
2026-02-23,164427,104202,"$55,476.00","$120,060.00",153K,3442,5.81%,"$583,797.94"
2026-02-24,156024,141359,"$57,402.00","$125,000.00",157K,3360,6.73%,"$579,869.27"
2026-02-25,162711,126196,"$60,652.00","$124,227.00",163K,3566,6.28%,"$831,679.00"
2026-02-26,154665,138302,"$58,090.00","$93,399.00",167K,3532,6.54%,"$596,442.78"
2026-02-27,143703,146012,"$52,038.00","$96,644.00",153K,3215,6.28%,"$576,276.25"
2026-02-28,115261,142812,"$45,097.00","$74,887.00",136K,2944,4.99%,"$528,835.87"
2026-03-01,111119,148210,"$45,570.00","$81,669.00",247K,3011,5.05%,"$613,126.78"
2026-03-02,135295,157008,"$49,793.00","$87,230.00",206K,3316,6.45%,"$648,027.22"
2026-03-03,141420,146968,"$54,796.00","$92,275.00",205K,3733,6.70%,"$658,667.49"
2026-03-04,141641,117855,"$55,804.00","$72,509.00",186K,3462,5.98%,"$729,517.07"
2026-03-05,139880,133634,"$50,691.00","$82,149.00",174K,3473,6.36%,"$619,936.17"
2026-03-06,132726,114861,"$48,734.00","$81,064.00",158K,3402,5.50%,"$513,470.08"
2026-03-07,111229,99764,"$43,335.00","$63,173.00",140K,3215,4.95%,"$464,438.23"
2026-03-08,98513,105803,"$38,808.00","$56,657.00",124K,2820,5.11%,"$466,137.12"
2026-03-09,127515,111480,"$47,781.00","$76,543.00",147K,3333,6.24%,"$597,899.55"
2026-03-10,134921,104290,"$50,791.00","$104,222.00",153K,3556,6.41%,"$600,493.55"
2026-03-11,145277,104105,"$50,027.00","$73,057.00",160K,3624,5.93%,"$782,138.71"
2026-03-12,142860,100245,"$49,684.00","$69,508.00",160K,3498,6.46%,"$636,096.58"
2026-03-13,139311,96777,"$56,843.00","$77,555.00",152K,3405,6.08%,"$586,145.11"
2026-03-14,120477,100222,"$52,924.00","$84,778.00",131K,3090,5.34%,"$578,054.32"
2026-03-15,112201,111069,"$48,860.00","$79,206.00",123K,2982,4.59%,"$615,660.19"
2026-03-16,138137,129662,"$60,166.00","$69,262.00",145K,3375,6.58%,"$775,574.73"
2026-03-17,136583,160132,"$74,173.00","$93,357.00",146K,3268,6.55%,"$652,467.60"
2026-03-18,131641,140503,"$74,927.00","$81,097.00",150K,3327,6.22%,"$761,201.39"
2026-03-19,131108,156365,"$76,558.00","$86,487.00",147K,3252,5.81%,"$670,713.97"
2026-03-20,126143,122051,"$70,219.00","$91,780.00",147K,3205,5.74%,"$734,049.68"
2026-03-21,104871,101216,"$60,070.00","$139,196.00",126K,2554,5.09%,"$651,607.01"
2026-03-22,98418,132021,"$58,163.00","$114,073.00",115K,2625,5.64%,"$694,818.89"
2026-03-23,125186,111523,"$69,817.00","$103,001.00",148K,2995,7.55%,"$881,096.50"
2026-03-24,124903,140506,"$65,265.00","$131,350.00",161K,3003,6.83%,"$847,567.41"
2026-03-25,137918,135766,"$66,057.00","$134,462.00",160K,3088,6.83%,"$1,046,161.91"
2026-03-26,141819,137541,"$70,534.00","$140,685.00",159K,3173,6.87%,"$913,553.98"
2026-03-27,133882,135982,"$69,712.00","$130,323.00",141K,3301,5.94%,"$950,350.28"
2026-03-28,228658,142884,"$90,939.00","$137,044.00",95K,3506,6.19%,"$835,779.35"
2026-03-29,102974,160270,"$55,410.00","$121,819.00",115K,2938,6.60%,"$824,729.38"
2026-03-30,133833,137501,"$64,299.00","$147,585.00",142K,3347,8.16%,"$975,798.47"
2026-03-31,140885,126101,"$66,677.00","$158,678.00",167K,3824,7.45%,"$811,731.29"
2026-04-01,632079,56729,"$130,138.00","$179,724.00",315K,3661,7.54%,"$835,592.83"
2026-04-02,169088,125002,"$54,343.00","$176,590.00",233K,3751,6.56%,"$632,833.26"
2026-04-03,172900,121790,"$48,464.00","$164,008.00",181K,3575,5.37%,"$628,916.31"
2026-04-04,117989,117968,"$40,619.00","$150,298.00",137K,3094,5.43%,"$576,405.26"
2026-04-05,96183,121085,"$35,023.00","$88,991.00",116K,3010,5.45%,"$531,254.43"
2026-04-06,126520,134352,"$44,811.00","$145,514.00",153K,3609,7.51%,"$639,086.23"
2026-04-07,129241,110585,"$47,046.00","$129,541.00",169K,3702,7.40%,"$616,332.66"
2026-04-08,135535,115616,"$47,950.00","$153,801.00",191K,3804,6.68%,"$689,541.04"
2026-04-09,134736,124669,"$48,370.00","$111,997.00",201K,3571,6.75%,"$611,999.92"
2026-04-10,131542,121550,"$47,945.00","$123,433.00",169K,3722,6.31%,"$560,822.39"
2026-04-11,106373,121042,"$41,663.00","$124,414.00",130K,3374,5.16%,"$509,765.15"
2026-04-12,101476,107145,"$39,894.00","$122,300.00",120K,3405,6.64%,"$521,442.16"
2026-04-13,125949,128388,"$48,063.00","$155,484.00",141K,3436,6.61%,"$652,991.68"
2026-04-14,128795,163116,"$49,734.00","$142,663.00",140K,3484,6.95%,"$593,072.66"
2026-04-15,142389,172049,"$60,574.00","$175,024.00",156K,3527,7.40%,"$683,291.70"
2026-04-16,127285,128751,"$57,516.00","$97,780.00",152K,3445,6.30%,"$607,041.86"
2026-04-17,124926,120856,"$58,556.00","$107,915.00",144K,3311,5.92%,"$674,193.46"
2026-04-18,103123,110808,"$55,771.00","$79,643.00",124K,3040,,"$526,538.98"
2026-04-19,96166,209536,"$53,854.00","$102,457.00",110K,3150,,"$538,989.24"
2026-04-20,120710,135272,"$60,665.00","$81,770.00",132K,3422,,"$735,749.60"
2026-04-21,122936,117098,"$49,424.00","$80,947.00",137K,3866,,"$998,750.51"
2026-04-22,128135,107147,"$50,110.00","$88,157.00",146K,4067,,"$739,718.59"
2026-04-23,129352,114038,"$50,210.00","$82,326.00",150K,3712,,"$639,701.70"
2026-04-24,212923,97108,"$95,704.00","$77,936.00",152K,3680,,"$609,268.15"
2026-04-25,104440,105803,"$46,408.00","$69,312.00",117K,3269,,"$570,099.71"
2026-04-26,96786,115264,"$44,268.00","$46,060.00",107K,3235,,"$572,689.35"
2026-04-27,131496,154716,"$53,465.00","$50,935.00",139K,3649,,"$740,956.53"
2026-04-28,129250,178499,"$56,545.00","$99,367.00",143K,3419,,"$644,676.98"
2026-04-29,136668,175419,"$60,486.00","$113,388.00",174K,3925,,"$674,878.24"
2026-04-30,136252,177261,"$60,570.00","$126,845.00",169K,3685,,"$643,765.01"
2026-05-01,138932,170520,"$55,916.00","$92,628.00",237K,4294,,"$799,090.40"
2026-05-02,113502,161793,"$45,822.00","$70,597.00",157K,3471,,"$556,026.24"
2026-05-03,104739,177051,"$44,525.00","$77,399.00",131K,3237,,"$596,409.81"
2026-05-04,136564,190721,"$51,393.00","$88,961.00",153K,3668,,"$730,081.31"
2026-05-05,131517,192433,"$53,080.00","$93,842.00",155K,3640,,"$497,413.13"
2026-05-06,136352,201286,"$52,721.00","$87,354.00",159K,3891,,"$541,066.43"
2026-05-07,137364,198227,"$53,936.00","$79,617.00",165K,3937,,"$515,807.17"
2026-05-08,129158,182973,"$51,621.00","$95,181.00",215K,3824,,"$468,361.48"
2026-05-09,105848,164170,"$44,950.00","$82,040.00",123K,3415,,"$424,940.60"
2026-05-10,92935,175417,"$38,790.00","$74,408.00",115K,3028,,"$409,201.91"
2026-05-11,120997,203946,"$52,373.00","$111,594.00",138K,3534,,"$635,767.12"
2026-05-12,124272,194242,"$52,666.00","$103,704.00",141K,3707,,"$638,872.04"
2026-05-13,132136,170561,"$55,013.00","$90,738.00",150K,4200,,"$769,728.94"
2026-05-14,127190,174031,"$53,502.00","$95,210.00",143K,4011,,"$647,739.21"
2026-05-15,127254,163480,"$53,048.00","$113,874.00",149K,4250,,"$591,523.70"