date,ai_visibility,direct_visits,direct_enrollments,brand_spend_k,nb_spend_k,unemployment_rate,is_weekend,day_of_week,month,fitted_visits_with_ue,resid_visits_with_ue,fitted_enroll_with_ue,resid_enroll_with_ue,fitted_visits_no_ue,resid_visits_no_ue,fitted_enroll_no_ue,resid_enroll_no_ue
2025-06-04,54.01,131000.0,3912,43.384,87.003,4.1,0,2,6,118204.5877,12795.4123,3835.7478,76.2522,115726.1792,15273.8208,3847.3119,64.6881
2025-06-05,53.36,134000.0,3712,41.827,96.736,4.1,0,3,6,120105.7556,13894.2444,3846.6633,-134.6633,118293.2174,15706.7826,3855.1205,-143.1205
2025-06-06,57.64,116000.0,3546,39.86,103.794,4.1,0,4,6,124894.2885,-8894.2885,3868.45,-322.45,122102.9581,-6102.9581,3881.4742,-335.4742
2025-06-07,50.69,103000.0,2965,34.044,89.938,4.1,1,5,6,92009.2073,10990.7927,3383.7262,-418.7262,91532.4826,11467.5174,3385.9506,-420.9506
2025-06-08,55.86,94000.0,2975,31.477,84.953,4.1,1,6,6,94590.4433,-590.4433,3393.8746,-418.8746,92424.5889,1575.4111,3403.9804,-428.9804
2025-06-09,55.36,106000.0,3801,36.912,89.41,4.1,0,0,6,119952.6277,-13952.6277,3846.6068,-45.6068,117498.4735,-11498.4735,3858.0578,-57.0578
2025-06-10,56.55,106000.0,3603,36.785,92.52,4.1,0,1,6,121542.6576,-15542.6576,3853.7777,-250.7777,118836.9172,-12836.9172,3866.4026,-263.4026
2025-06-11,56.87,115000.0,3830,41.251,100.227,4.1,0,2,6,123452.5979,-8452.5979,3861.0923,-31.0923,120691.5864,-5691.5864,3873.9751,-43.9751
2025-06-12,68.33,117000.0,3771,42.809,111.754,4.1,0,3,6,134296.1333,-17296.1333,3906.1431,-135.1431,128251.732,-11251.732,3934.3459,-163.3459
2025-06-13,65.71,110000.0,3768,37.637,114.851,4.1,0,4,6,133338.9924,-23338.9924,3905.8578,-137.8578,128533.1337,-18533.1337,3928.2816,-160.2816
2025-06-14,47.5,95000.0,3237,31.043,102.035,4.1,1,5,6,92712.0155,2287.9845,3391.2958,-154.2958,93878.5015,1121.4985,3385.853,-148.853
2025-06-16,52.86,109000.0,3830,36.658,109.969,4.1,0,0,6,123065.2841,-14065.2841,3864.5468,-34.5468,122206.313,-13206.313,3868.5547,-38.5547
2025-06-17,46.1,120000.0,3998,37.992,117.397,4.1,0,1,6,119973.6406,26.3594,3853.6773,144.3227,121470.8245,-1470.8245,3846.6915,151.3085
2025-06-18,47.16,136000.0,3963,39.196,106.299,4.1,0,2,6,118051.8051,17948.1949,3842.4935,120.5065,118720.3535,17279.6465,3839.3741,123.6259
2025-06-19,44.33,121000.0,3764,35.967,103.725,4.1,0,3,6,115533.4174,5466.5826,3833.5291,-69.5291,117181.7122,3818.2878,3825.8382,-61.8382
2025-06-20,48.03,114000.0,3927,36.165,151.18,4.1,0,4,6,129433.1948,-15433.1948,3901.0062,25.9938,131713.3484,-17713.3484,3890.3671,36.6329
2025-06-23,48.67,111000.0,4178,30.796,107.328,4.1,0,0,6,119650.5453,-8650.5453,3853.3817,324.6183,120347.2116,-9347.2116,3850.1311,327.8689
2025-06-24,54.17,110000.0,4270,33.162,95.381,4.1,0,1,6,120648.7473,-10648.7473,3852.8835,417.1165,119010.0077,-9010.0077,3860.5297,409.4703
2025-06-25,46.88,125000.0,4457,41.57,98.777,4.1,0,2,6,115986.6953,9013.3047,3831.1084,625.8916,116323.7617,8676.2383,3829.5356,627.4644
2025-06-26,47.39,123000.0,4033,53.251,108.292,4.1,0,3,6,118221.2944,4778.7056,3836.4889,196.5111,118109.9816,4890.0184,3837.0083,195.9917
2025-06-27,44.66,121000.0,4162,61.717,113.487,4.1,0,4,6,117230.4491,3769.5509,3829.6402,332.3598,117713.0103,3286.9897,3827.3886,334.6114
2025-06-28,49.24,107000.0,3575,54.737,98.831,4.1,1,5,6,92401.0757,14598.9243,3377.0525,197.9475,91572.1949,15427.8051,3380.92,194.08
2025-06-29,46.1,93000.0,3685,50.117,101.056,4.1,1,6,6,90848.2943,2151.7057,3373.9011,311.0989,91358.8779,1641.1221,3371.5187,313.4813
2025-06-30,50.14,112000.0,4365,65.759,115.282,4.1,0,0,6,121422.9989,-9422.9989,3844.577,520.423,120009.4178,-8009.4178,3851.1727,513.8273
2025-07-02,51.46,182000.0,4028,74.796,110.093,4.2,0,2,7,130466.0168,51533.9832,3839.4709,188.5291,128419.5871,53580.4129,3849.0195,178.9805
2025-07-03,50.93,137000.0,3897,74.23,101.938,4.2,0,3,7,128170.4142,8829.5858,3828.5148,68.4852,126011.4466,10988.5534,3838.5884,58.4116
2025-07-04,51.9,112000.0,2941,51.38,73.259,4.2,0,4,7,122808.5795,-10808.5795,3811.3724,-870.3724,120516.5557,-8516.5557,3822.0668,-881.0668
2025-07-05,51.28,121000.0,3155,52.474,61.239,4.2,1,5,7,94635.3875,26364.6125,3342.1724,-187.1724,92333.7484,28666.2516,3352.9117,-197.9117
2025-07-06,49.56,108000.0,3689,55.963,77.553,4.2,1,6,7,97170.3241,10829.6759,3354.7711,334.2289,95845.1045,12154.8955,3360.9545,328.0455
2025-07-07,47.6,117000.0,4242,72.03,83.537,4.2,0,0,7,121502.2589,-4502.2589,3798.3999,443.6001,119818.2691,-2818.2691,3806.2573,435.7427
2025-07-08,49.77,110000.0,4235,74.634,110.455,4.2,0,1,7,129354.4623,-19354.4623,3835.27,399.73,127867.4247,-17867.4247,3842.2084,392.7916
2025-07-09,48.91,119000.0,3593,71.885,107.974,4.2,0,2,7,128244.4345,-9244.4345,3831.636,-238.636,127088.5698,-8088.5698,3837.0292,-244.0292
2025-07-10,49.45,117000.0,3484,64.28,47.234,4.2,0,3,7,114453.3366,2546.6634,3764.8069,-280.8069,111223.5316,5776.4684,3779.877,-295.877
2025-07-11,49.18,120000.0,3511,63.822,44.017,4.2,0,4,7,113512.2069,6487.7931,3760.4652,-249.4652,110270.4279,9729.5721,3775.5911,-264.5911
2025-07-12,45.45,105000.0,3129,57.959,125.411,4.2,1,5,7,105546.8763,-546.8763,3399.6627,-270.6627,107248.0938,-2248.0938,3391.7249,-262.7249
2025-07-13,47.95,98000.0,3118,52.3,71.008,4.2,1,6,7,94591.4757,3408.5243,3344.721,-226.721,93730.8042,4269.1958,3348.7368,-230.7368
2025-07-14,46.23,137000.0,4083,66.014,46.979,4.2,0,0,7,112043.0822,24956.9178,3754.3478,328.6522,109729.0973,27270.9027,3765.1448,317.8552
2025-07-15,50.21,119000.0,4257,65.712,86.886,4.2,0,1,7,124365.8063,-5365.8063,3813.831,443.169,122333.5726,-3333.5726,3823.3132,433.6868
2025-07-16,49.21,123000.0,3901,76.152,195.019,4.2,0,2,7,148993.1393,-25993.1393,3934.6917,-33.6917,150838.0081,-27838.0081,3926.0836,-25.0836
2025-07-17,52.67,131000.0,4007,76.784,183.764,4.2,0,3,7,148761.3531,-17761.3531,3930.4209,76.5791,149041.5518,-18041.5518,3929.1135,77.8865
2025-07-18,48.83,125000.0,3580,69.29,176.102,4.2,0,4,7,144457.3291,-19457.3291,3915.2345,-335.2345,146080.6949,-21080.6949,3907.66,-327.66
2025-07-19,53.38,104000.0,3476,64.152,154.19,4.2,1,5,7,117821.6832,-13821.6832,3452.6266,23.3734,117762.5928,-13762.5928,3452.9023,23.0977
2025-07-20,49.81,97000.0,3328,56.915,131.667,4.2,1,6,7,110171.1305,-13171.1305,3420.1122,-92.1122,110786.0119,-13786.0119,3417.2432,-89.2432
2025-07-21,48.07,115000.0,3738,80.285,154.127,4.2,0,0,7,138330.4664,-23330.4664,3879.5216,-141.5216,138740.812,-23740.812,3877.607,-139.607
2025-07-22,48.06,112000.0,3895,66.83,132.218,4.2,0,1,7,133566.6538,-21566.6538,3861.7415,33.2585,133890.8239,-21890.8239,3860.2289,34.7711
2025-07-23,48.48,127000.0,3704,76.851,126.928,4.2,0,2,7,132275.5643,-5275.5643,3850.0863,-146.0863,131705.4085,-4705.4085,3852.7466,-148.7466
2025-07-24,49.36,122000.0,3817,72.325,121.245,4.2,0,3,7,131702.5682,-9702.5682,3848.6179,-31.6179,130887.5966,-8887.5966,3852.4205,-35.4205
2025-07-25,49.37,127000.0,3487,68.582,120.184,4.2,0,4,7,131582.1913,-4582.1913,3849.7775,-362.7775,130931.9783,-3931.9783,3852.8114,-365.8114
2025-07-26,50.56,108000.0,3383,61.214,113.561,4.2,1,5,7,106260.9398,1739.0602,3397.6145,-14.6145,105704.7373,2295.2627,3400.2098,-17.2098
2025-07-27,53.51,100000.0,3034,53.652,111.39,4.2,1,6,7,108096.639,-8096.639,3408.1447,-374.1447,106942.1654,-6942.1654,3413.5314,-379.5314
2025-07-28,51.3,123000.0,3944,80.115,136.957,4.2,0,0,7,136556.5707,-13556.5707,3867.9896,76.0104,135293.4118,-12293.4118,3873.8834,70.1166
2025-07-29,54.88,127000.0,3876,83.117,142.75,4.2,0,1,7,140381.0175,-13381.0175,3883.0862,-7.0862,138035.9536,-11035.9536,3894.0281,-18.0281
2025-07-30,57.16,127000.0,4459,83.435,125.877,4.2,0,2,7,137985.2289,-10985.2289,3868.9324,590.0676,134252.4262,-7252.4262,3886.3495,572.6505
2025-08-01,47.65,239000.0,4054,80.693,127.851,4.3,0,4,8,145827.0842,93172.9158,3840.287,213.713,146841.9332,92158.0668,3835.5518,218.4482
2025-08-02,49.28,149000.0,3435,61.879,121.684,4.3,1,5,8,121308.1866,27691.8134,3397.2811,37.7189,122932.6267,26067.3733,3389.7016,45.2984
2025-08-03,50.63,122000.0,3166,62.031,96.825,4.3,1,6,8,116358.9127,5641.0873,3370.9951,-204.9951,116594.2422,5405.7578,3369.897,-203.897
2025-08-04,49.81,128000.0,3785,71.576,113.208,4.3,0,0,8,144189.537,-16189.537,3834.5629,-49.5629,144465.8882,-16465.8882,3833.2735,-48.2735
2025-08-05,49.56,151000.0,3731,79.25,105.9,4.3,0,1,8,142020.2689,8979.7311,3820.1062,-89.1062,141668.4824,9331.5176,3821.7476,-90.7476
2025-08-06,49.1,130000.0,3595,81.594,105.24,4.3,0,2,8,141458.0706,-11458.0706,3816.5098,-221.5098,141096.4236,-11096.4236,3818.1972,-223.1972
2025-08-07,49.99,124000.0,3612,76.556,107.76,4.3,0,3,8,142857.8134,-18857.8134,3825.2908,-213.2908,142590.8726,-18590.8726,3826.5363,-214.5363
2025-08-08,35.67,124000.0,3678,80.763,109.154,4.3,0,4,8,132856.0454,-8856.0454,3784.0827,-106.0827,136954.0418,-12954.0418,3764.9617,-86.9617
2025-08-09,45.85,104000.0,3272,63.175,106.681,4.3,1,5,8,115259.7086,-11259.7086,3368.7312,-96.7312,117326.2072,-13326.2072,3359.089,-87.089
2025-08-10,49.07,96000.0,3051,67.08,98.131,4.3,1,6,8,115390.7491,-19390.7491,3364.9406,-313.9406,115889.987,-19889.987,3362.6112,-311.6112
2025-08-11,44.67,110000.0,3463,78.211,138.517,4.3,0,0,8,146322.1735,-36322.1735,3846.3859,-383.3859,148829.8417,-38829.8417,3834.6853,-371.6853
2025-08-12,47.26,107000.0,3605,83.334,124.062,4.3,0,1,8,144561.5499,-37561.5499,3832.9227,-227.9227,145407.9294,-38407.9294,3828.9735,-223.9735
2025-08-13,52.23,115000.0,3764,80.365,124.097,4.3,0,2,8,148206.2805,-33206.2805,3848.8222,-84.8222,147641.6828,-32641.6828,3851.4566,-87.4566
2025-08-14,50.57,121000.0,3538,85.478,129.216,4.3,0,3,8,148070.5684,-27070.5684,3847.0438,-309.0438,147944.0927,-26944.0927,3847.6339,-309.6339
2025-08-15,49.59,131000.0,3530,77.162,129.237,4.3,0,4,8,147654.6944,-16654.6944,3849.676,-319.676,148303.5163,-17303.5163,3846.6486,-316.6486
2025-08-16,49.96,126000.0,3231,60.278,126.917,4.3,1,5,8,123088.5536,2911.4464,3406.5305,-175.5305,124786.7535,1213.2465,3398.6068,-167.6068
2025-08-17,47.49,122000.0,3255,67.304,122.902,4.3,1,6,8,120142.8951,1857.1049,3390.2331,-135.2331,122079.9367,-79.9367,3381.1949,-126.1949
2025-08-18,53.05,171000.0,3739,83.507,148.208,4.3,0,0,8,154412.8677,16587.1323,3878.1731,-139.1731,154336.3041,16663.6959,3878.5304,-139.5304
2025-08-19,48.57,185000.0,3796,79.581,154.186,4.3,0,1,8,152774.6954,32225.3046,3875.3404,-79.3404,154568.0523,30431.9477,3866.9727,-70.9727
2025-08-20,49.9,217000.0,3642,80.105,146.258,4.3,0,2,8,151820.6897,65179.3103,3869.1747,-227.1747,152858.9969,64141.0031,3864.3301,-222.3301
2025-08-21,50.6,233000.0,3614,68.694,117.993,4.3,0,3,8,145984.4039,87015.5961,3844.4058,-230.4058,146353.817,86646.183,3842.6822,-228.6822
2025-08-22,50.48,209000.0,3639,54.141,100.04,4.3,0,4,8,142118.5571,66881.4429,3831.7946,-192.7946,142649.4089,66350.5911,3829.3177,-190.3177
2025-08-23,52.88,166000.0,3304,44.93,97.546,4.3,1,5,8,118700.7267,47299.2733,3389.1927,-85.1927,119202.2998,46797.7002,3386.8524,-82.8524
2025-08-24,53.95,145000.0,3544,41.421,98.092,4.3,1,6,8,119708.8038,25291.1962,3395.1136,148.8864,120087.1394,24912.8606,3393.3483,150.6517
2025-08-25,52.58,177000.0,3823,55.52,109.692,4.3,0,0,8,145860.2349,31139.7651,3848.4373,-25.4373,146017.2498,30982.7502,3847.7047,-24.7047
2025-08-26,49.58,161000.0,3669,58.017,123.891,4.3,0,1,8,147014.6701,13985.3299,3855.5333,-186.5333,148528.7225,12471.2775,3848.4688,-179.4688
2025-08-27,48.67,175000.0,3662,60.621,108.65,4.3,0,2,8,142659.8625,32340.1375,3832.9245,-170.9245,143733.9841,31266.0159,3827.9127,-165.9127
2025-08-28,47.91,173000.0,3577,58.023,105.153,4.3,0,3,8,141374.644,31625.356,3828.2487,-251.2487,142700.867,30299.133,3822.0606,-245.0606
2025-08-29,46.19,155000.0,4141,56.482,108.994,4.3,0,4,8,141114.0396,13885.9604,3829.0469,311.9531,143219.2616,11780.7384,3819.2241,321.7759
2025-08-30,47.05,133000.0,3378,45.887,94.987,4.3,1,5,8,113911.2317,19088.7683,3369.1327,8.8673,116112.2407,16887.7593,3358.8629,19.1371
2025-08-31,51.76,131000.0,3809,42.287,81.604,4.3,1,6,8,114204.5059,16795.4941,3368.5291,440.4709,114598.3409,16401.6591,3366.6915,442.3085
2025-09-02,51.49,235000.0,4264,56.605,138.05,4.4,0,1,9,168776.6645,66223.3355,3854.3322,409.6678,170123.3778,64876.6222,3848.0485,415.9515
2025-09-03,51.09,201000.0,4217,59.376,136.606,4.4,0,2,9,168056.7308,32943.2692,3849.6838,367.3162,169320.7164,31679.2836,3843.7861,373.2139
2025-09-04,49.42,173000.0,4093,57.739,137.344,4.4,0,3,9,167097.807,5902.193,3846.9424,246.0576,169011.4263,3988.5737,3838.0136,254.9864
2025-09-05,49.56,158000.0,4134,57.753,130.403,4.4,0,4,9,165548.1899,-7548.1899,3838.9565,295.0435,167150.7518,-9150.7518,3831.479,302.521
2025-09-06,47.68,125000.0,3406,54.368,109.016,4.4,1,5,9,134402.076,-9402.076,3357.8111,48.1889,136285.8504,-11285.8504,3349.0215,56.9785
2025-09-07,49.66,117000.0,3541,51.373,120.676,4.4,1,6,9,138680.8654,-21680.8654,3379.3558,161.6442,140549.5314,-23549.5314,3370.6368,170.3632
2025-09-08,50.03,140000.0,4075,65.211,130.55,4.4,0,0,9,165669.5035,-25669.5035,3835.6486,239.3514,166712.9144,-26712.9144,3830.7801,244.2199
2025-09-09,50.17,137000.0,3791,63.456,143.519,4.4,0,1,9,168908.2757,-31908.2757,3852.8104,-61.8104,170501.7352,-33501.7352,3845.3754,-54.3754
2025-09-10,46.2,146000.0,3516,62.813,137.347,4.4,0,2,9,164637.7075,-18637.7075,3834.643,-318.643,167290.9158,-21290.9158,3822.2633,-306.2633
2025-09-11,47.28,139000.0,3796,58.727,147.738,4.4,0,3,9,168010.7358,-29010.7358,3852.8351,-56.8351,170946.7375,-31946.7375,3839.1359,-43.1359
2025-09-12,46.87,133000.0,3859,58.788,116.359,4.4,0,4,9,160262.9316,-27262.9316,3813.8074,45.1926,162123.9067,-29123.9067,3805.1241,53.8759
2025-09-13,47.33,114000.0,3485,47.874,93.194,4.4,1,5,9,130610.5782,-16610.5782,3341.9332,143.0668,132361.3558,-18361.3558,3333.7642,151.2358
2025-09-14,46.0,111000.0,3727,45.467,96.435,4.4,1,6,9,130513.8616,-19513.8616,3343.66,383.34,132945.1064,-21945.1064,3332.3159,394.6841
2025-09-15,42.2,126000.0,4176,55.747,153.379,4.4,0,0,9,165833.9565,-39833.9565,3847.3032,328.6968,170764.7325,-44764.7325,3824.2965,351.7035
2025-09-16,45.86,168000.0,4047,61.541,142.567,4.4,0,1,9,165678.0071,2321.9929,3840.8029,206.1971,168709.9499,-709.9499,3826.656,220.344
2025-09-17,44.64,164000.0,4301,65.019,141.738,4.4,0,2,9,164496.9666,-496.9666,3834.1399,466.8601,167690.6541,-3690.6541,3819.2383,481.7617
2025-09-18,40.91,180000.0,3831,60.764,110.896,4.4,0,3,9,154657.166,25342.834,3789.2244,41.7756,158090.845,21909.155,3773.2031,57.7969
2025-09-19,43.93,151000.0,4054,61.252,126.572,4.4,0,4,9,160514.3165,-9514.3165,3816.2864,237.7136,163562.4608,-12562.4608,3802.0639,251.9361
2025-09-20,43.73,127000.0,3418,51.578,79.519,4.4,1,5,9,124676.4337,2323.5663,3312.9566,105.0434,126839.9192,160.0808,3302.8619,115.1381
2025-09-21,42.9,113000.0,3479,46.527,85.188,4.4,1,6,9,125600.3495,-12600.3495,3320.7171,158.2829,128525.8937,-15525.8937,3307.0667,171.9333
2025-09-22,42.66,130000.0,4113,56.038,98.391,4.4,0,0,9,153089.5526,-23089.5526,3782.0997,330.9003,155752.0977,-25752.0977,3769.6764,343.3236
2025-09-23,39.35,139000.0,3864,60.937,112.628,4.4,0,1,9,153952.4358,-14952.4358,3786.8245,77.1755,157938.0404,-18938.0404,3768.2278,95.7722
2025-09-24,45.03,146000.0,4002,62.252,133.979,4.4,0,2,9,163023.5187,-17023.5187,3827.6603,174.3397,165950.4198,-19950.4198,3814.0036,187.9964
2025-09-25,42.64,149000.0,4070,64.014,116.709,4.4,0,3,9,157161.2884,-8161.2884,3798.9946,271.0054,160087.3031,-11087.3031,3785.342,284.658
2025-09-26,44.15,140000.0,3736,63.287,104.65,4.4,0,4,9,155395.7304,-15395.7304,3789.1585,-53.1585,157421.0487,-17421.0487,3779.7084,-43.7084
2025-09-27,40.31,121000.0,3662,43.395,70.396,4.4,1,5,9,120347.2355,652.7645,3297.6307,364.3693,123702.9943,-2702.9943,3281.9729,380.0271
2025-09-28,43.51,113000.0,3554,43.111,71.325,4.4,1,6,9,122855.1137,-9855.1137,3307.9124,246.0876,125246.4178,-12246.4178,3296.7547,257.2453
2025-09-29,45.03,143000.0,4222,60.733,87.13,4.4,0,0,9,151945.2947,-8945.2947,3772.1463,449.8537,153162.5676,-10162.5676,3766.4666,455.5334
2025-09-30,46.67,154000.0,4047,63.29,93.208,4.4,0,1,9,154471.3631,-471.3631,3782.4299,264.5701,155258.3075,-1258.3075,3778.7581,268.2419
2025-10-02,41.0,194000.0,4096,59.464,83.832,4.5,0,3,10,166007.7763,27992.2237,3710.5839,385.4161,164341.4191,29658.5809,3718.359,377.641
2025-10-03,45.47,152000.0,3695,57.462,116.97,4.5,0,4,10,177127.8998,-25127.8998,3764.3746,-69.3746,175423.2222,-23423.2222,3772.3285,-77.3285
2025-10-04,42.75,122000.0,3304,49.813,118.14,4.5,1,5,10,150884.065,-28884.065,3310.819,-6.819,150828.7735,-28828.7735,3311.077,-7.077
2025-10-05,44.76,121000.0,3324,47.667,108.093,4.5,1,6,10,149999.561,-28999.561,3305.7259,18.2741,149040.9726,-28040.9726,3310.1986,13.8014
2025-10-06,40.58,138000.0,3607,59.757,111.918,4.5,0,0,10,172370.7736,-34370.7736,3743.084,-136.084,171897.0873,-33897.0873,3745.2942,-138.2942
2025-10-07,37.42,147000.0,3699,60.561,115.738,4.5,0,1,10,171002.1685,-24002.1685,3738.3061,-39.3061,171633.1452,-24633.1452,3735.362,-36.362
2025-10-08,33.02,159000.0,3674,61.624,101.52,4.5,0,2,10,164457.4735,-5457.4735,3708.1312,-34.1312,165881.4891,-6881.4891,3701.4868,-27.4868
2025-10-09,32.79,156000.0,3605,72.364,118.722,4.5,0,3,10,168022.6648,-12022.6648,3721.3108,-116.3108,169580.0579,-13580.0579,3714.0441,-109.0441
2025-10-10,35.4,137000.0,3588,67.206,99.882,4.5,0,4,10,165576.7201,-28576.7201,3709.2383,-121.2383,165871.4147,-28871.4147,3707.8633,-119.8633
2025-10-11,33.09,121000.0,3228,59.94,57.97,4.5,1,5,10,129378.0462,-8378.0462,3204.6364,23.3636,129520.6305,-8520.6305,3203.9711,24.0289
2025-10-12,34.4,114000.0,3160,57.854,48.697,4.5,1,6,10,128177.1485,-14177.1485,3198.4739,-38.4739,127664.9551,-13664.9551,3200.8637,-40.8637
2025-10-13,32.16,125000.0,3537,67.228,54.77,4.5,0,0,10,152553.6179,-27553.6179,3645.7354,-108.7354,152147.8997,-27147.8997,3647.6285,-110.6285
2025-10-14,34.91,140000.0,4045,76.579,82.062,4.5,0,1,10,160683.0125,-20683.0125,3680.338,364.662,159928.4876,-19928.4876,3683.8586,361.1414
2025-10-15,33.28,195000.0,3758,81.166,132.953,4.5,0,2,10,171459.0852,23540.9148,3734.1764,23.8236,172915.4906,22084.5094,3727.3809,30.6191
2025-10-16,40.45,156000.0,3436,77.822,100.428,4.5,0,3,10,168947.7664,-12947.7664,3717.228,-281.228,167068.6714,-11068.6714,3725.9958,-289.9958
2025-10-21,32.74,133000.0,3550,58.922,161.065,4.5,0,1,10,178492.7166,-45492.7166,3780.8877,-230.8877,182436.6959,-49436.6959,3762.4853,-212.4853
2025-10-22,33.74,157000.0,3639,60.939,163.188,4.5,0,2,10,179641.7104,-22641.7104,3784.9543,-145.9543,183237.1506,-26237.1506,3768.1782,-129.1782
2025-10-23,35.64,195000.0,3518,63.966,156.871,4.5,0,3,10,179392.8321,15607.1679,3780.7183,-262.7183,181974.4995,13025.5005,3768.6724,-250.6724
2025-10-24,36.31,185000.0,3313,58.66,132.714,4.5,0,4,10,174307.8974,10692.1026,3756.8864,-443.8864,176047.3424,8952.6576,3748.7703,-435.7703
2025-10-25,34.66,141000.0,2835,48.409,108.519,4.5,1,5,10,142886.9215,-1886.9215,3277.423,-442.423,145109.6095,-4109.6095,3267.052,-432.052
2025-10-26,33.92,131000.0,2907,48.422,106.234,4.5,1,6,10,141816.9682,-10816.9682,3272.5829,-365.5829,144186.3361,-13186.3361,3261.5276,-354.5276
2025-10-27,34.01,163000.0,3401,54.49,139.574,4.5,0,0,10,174439.0753,-11439.0753,3761.3912,-360.3912,177403.7624,-14403.7624,3747.5581,-346.5581
2025-10-28,34.13,199000.0,3490,53.995,142.776,4.5,0,1,10,175301.5815,23698.4185,3765.9078,-275.9078,178378.3898,20621.6102,3751.5516,-261.5516
2025-10-29,34.36,236000.0,3616,55.934,125.777,4.5,0,2,10,171362.7437,64637.2563,3744.8061,-128.8061,173607.4467,62392.5533,3734.3324,-118.3324
2025-10-30,33.26,245000.0,3793,57.666,148.117,4.5,0,3,10,175828.9035,69171.0965,3767.5426,25.4574,179181.8972,65818.1028,3751.8977,41.1023
2025-11-02,33.82,249000.0,3075,50.364,163.918,4.6,1,6,11,171292.831,77707.169,3272.8862,-197.8862,166570.7593,82429.2407,3294.9192,-219.9192
2025-11-03,33.87,226000.0,3650,57.32,220.562,4.6,0,0,11,209392.6785,16607.3215,3789.1111,-139.1111,206121.6629,19878.3371,3804.3735,-154.3735
2025-11-04,29.51,215000.0,3628,58.81,187.537,4.6,0,1,11,198394.731,16605.269,3736.0952,-108.0952,195159.9732,19840.0268,3751.1884,-123.1884
2025-11-05,29.91,232000.0,3503,63.075,199.556,4.6,0,2,11,201392.5988,30607.4012,3748.9633,-245.9633,198253.5189,33746.4811,3763.6101,-260.6101
2025-11-06,31.22,203000.0,3558,65.187,182.11,4.6,0,3,11,198110.5622,4889.4378,3730.2414,-172.2414,193769.7649,9230.2351,3750.4954,-192.4954
2025-11-07,33.29,213000.0,3627,56.442,175.508,4.6,0,4,11,198306.6785,14693.3215,3733.7214,-106.7214,193543.1881,19456.8119,3755.9476,-128.9476
2025-11-08,33.43,171000.0,3183,51.714,136.13,4.6,1,5,11,164369.3995,6630.6005,3237.4145,-54.4145,158631.6578,12368.3422,3264.1865,-81.1865
2025-11-09,30.29,157000.0,3228,48.91,119.343,4.6,1,6,11,158239.9807,-1239.9807,3210.1679,17.8321,153012.371,3987.629,3234.5597,-6.5597
2025-11-10,32.87,187000.0,3851,60.217,166.162,4.6,0,0,11,195662.0189,-8662.0189,3718.8416,132.1584,190463.566,-3463.566,3743.0973,107.9027
2025-11-11,31.28,170000.0,3841,57.787,147.989,4.6,0,1,11,190294.2027,-20294.2027,3694.0318,146.9682,185039.9022,-15039.9022,3718.5481,122.4519
2025-11-12,35.41,200000.0,3716,64.823,134.094,4.6,0,2,11,189699.12,10300.88,3684.3326,31.6674,182209.4992,17790.5008,3719.2788,-3.2788
2025-11-13,29.51,194000.0,4020,68.292,154.675,4.6,0,3,11,190273.0187,3726.9813,3690.3613,329.6387,185251.3205,8748.6795,3713.7922,306.2078
2025-11-14,35.64,191000.0,3738,73.074,144.04,4.6,0,4,11,191950.9246,-950.9246,3691.6565,46.3435,184309.4465,6690.5535,3727.3113,10.6887
2025-11-15,34.44,216000.0,3474,62.131,135.741,4.6,1,5,11,164649.3041,51350.6959,3233.0694,240.9306,157995.5746,58004.4254,3264.1154,209.8846
2025-11-16,35.48,153000.0,3391,57.455,128.284,4.6,1,6,11,163773.7808,-10773.7808,3230.0075,160.9925,156764.8585,-3764.8585,3262.7107,128.2893
2025-11-17,37.93,197000.0,3854,73.367,152.236,4.6,0,0,11,195518.112,1481.888,3707.7762,146.2238,187447.2314,9552.7686,3745.4345,108.5655
2025-11-18,36.93,164000.0,3530,76.522,159.454,4.6,0,1,11,196415.942,-32415.942,3711.6419,-181.6419,188763.1561,-24763.1561,3747.3494,-217.3494
2025-11-19,37.05,253000.0,3797,65.771,110.791,4.6,0,2,11,185299.4025,67700.5975,3660.2238,136.7762,176343.8471,76656.1529,3702.0099,94.9901
2025-11-21,38.19,177000.0,3846,59.054,99.762,4.6,0,4,11,183714.4568,-6714.4568,3654.4498,191.5502,174348.888,2651.112,3698.149,147.851
2025-11-22,34.37,147000.0,3287,52.909,106.154,4.6,1,5,11,157878.0654,-10878.0654,3203.1359,83.8641,150627.2757,-3627.2757,3236.9677,50.0323
2025-11-23,36.08,135000.0,3217,48.237,147.884,4.6,1,6,11,169163.4596,-34163.4596,3261.263,-44.263,163228.3719,-28228.3719,3288.9558,-71.9558
2025-11-24,27.24,191000.0,3699,65.098,115.353,4.6,0,0,11,179422.7532,11577.2468,3638.6333,60.3667,173793.6637,17206.3363,3664.8984,34.1016
2025-11-25,36.44,198000.0,3862,62.706,117.318,4.6,0,1,11,186517.6473,11482.3527,3668.357,193.643,178176.5065,19823.4935,3707.2763,154.7237
2025-11-26,35.48,169000.0,3669,60.936,140.222,4.6,0,2,11,191333.9563,-22333.9563,3694.4221,-25.4221,184273.4023,-15273.4023,3727.3663,-58.3663
2025-11-27,34.33,130000.0,3045,46.106,82.586,4.6,0,3,11,177317.6605,-47317.6605,3631.248,-586.248,169241.1404,-39241.1404,3668.9326,-623.9326
2025-11-28,35.54,155000.0,3899,62.621,112.28,4.6,0,4,11,184683.1047,-29683.1047,3659.8115,239.1885,176439.4605,-21439.4605,3698.2759,200.7241
2025-11-29,34.24,144000.0,3608,58.006,121.734,4.6,1,5,11,161316.8971,-17316.8971,3218.2751,389.7249,154420.0589,-10420.0589,3250.4554,357.5446
2025-11-30,35.27,137000.0,3337,56.082,129.242,4.6,1,6,11,163897.5559,-26897.5559,3231.4578,105.5422,157068.4964,-20068.4964,3263.3218,73.6782
2025-12-02,35.56,235000.0,4162,67.448,184.582,4.4,0,1,12,188225.5327,46774.4673,3782.7791,379.2209,193975.5723,41024.4277,3755.9497,406.0503
2025-12-03,37.23,204000.0,4255,69.666,144.62,4.4,0,2,12,179847.6432,24152.3568,3737.8483,517.1517,183413.4341,20586.5659,3721.2106,533.7894
2025-12-04,33.79,181000.0,3933,67.079,137.681,4.4,0,3,12,175836.8125,5163.1875,3721.4954,211.5046,180373.0492,626.9508,3700.3296,232.6704
2025-12-05,32.98,191000.0,3715,68.685,162.621,4.4,0,4,12,181131.2038,9868.7962,3748.2619,-33.2619,186790.2673,4209.7327,3721.857,-6.857
2025-12-06,34.1,147000.0,3328,52.038,116.789,4.4,1,5,12,146754.948,245.052,3254.5995,73.4005,151545.625,-4545.625,3232.2465,95.7535
2025-12-07,33.16,133000.0,3484,48.059,86.313,4.4,1,6,12,138978.8181,-5978.8181,3217.7758,266.2242,143122.4221,-10122.4221,3198.442,285.558
2025-12-08,33.52,155000.0,3772,60.782,130.796,4.4,0,0,12,174218.6472,-19218.6472,3716.4917,55.5083,178927.7914,-23927.7914,3694.519,77.481
2025-12-09,34.19,154000.0,3856,55.252,128.521,4.4,0,1,12,174339.1347,-20339.1347,3719.1903,136.8097,179056.5971,-25056.5971,3697.1789,158.8211
2025-12-10,32.48,159000.0,3809,59.177,131.781,4.4,0,2,12,173765.7642,-14765.7642,3715.7952,93.2048,178932.2215,-19932.2215,3691.6888,117.3112
2025-12-11,34.94,159000.0,3841,60.783,96.315,4.4,0,3,12,167038.5612,-8038.5612,3678.8967,162.1033,169976.2739,-10976.2739,3665.1895,175.8105
2025-12-12,36.55,146000.0,3615,58.695,110.013,4.4,0,4,12,171507.9249,-25507.9249,3701.2766,-86.2766,174575.5011,-28575.5011,3686.9634,-71.9634
2025-12-13,36.06,137000.0,3058,50.937,93.0,4.4,1,5,12,142535.7347,-5535.7347,3232.1224,-174.1224,145854.4527,-8854.4527,3216.6374,-158.6374
2025-12-14,35.73,121000.0,3055,50.311,69.02,4.4,1,6,12,136625.3314,-15625.3314,3202.6836,-147.6836,139165.2818,-18165.2818,3190.8323,-135.8323
2025-12-15,35.44,172000.0,3642,58.432,129.543,4.4,0,0,12,175365.8437,-3365.8437,3721.8816,-79.8816,179548.4308,-7548.4308,3702.3659,-60.3659
2025-12-16,36.85,182000.0,3621,63.71,112.832,4.4,0,1,12,172224.2404,9775.7596,3702.2873,-81.2873,175025.0975,6974.9025,3689.2186,-68.2186
2025-12-17,39.21,183000.0,3606,63.966,105.312,4.4,0,2,12,172109.2208,10890.7792,3699.6762,-93.6762,173858.608,9141.392,3691.5136,-85.5136
2025-12-18,39.4,172000.0,3642,63.053,94.185,4.4,0,3,12,169631.6724,2368.3276,3687.38,-45.38,170945.4643,1054.5357,3681.2499,-39.2499
2025-12-19,38.56,177000.0,3491,57.888,90.547,4.4,0,4,12,168341.428,8658.572,3683.9632,-192.9632,170070.3568,6929.6432,3675.8961,-184.8961
2025-12-20,40.0,156000.0,3120,51.245,69.831,4.4,1,5,12,139826.2751,16173.7249,3215.0407,-95.0407,140989.7037,15010.2963,3209.6122,-89.6122
2025-12-21,40.91,149000.0,3022,48.185,73.295,4.4,1,6,12,141398.6827,7601.3173,3223.7421,-201.7421,142576.4041,6423.5959,3218.2469,-196.2469
2025-12-22,38.32,191000.0,3410,57.721,95.27,4.4,0,0,12,169298.0805,21701.9195,3689.0925,-279.0925,171293.3905,19706.6095,3679.7825,-269.7825
2025-12-23,38.28,210000.0,3533,62.226,95.903,4.4,0,1,12,169270.0801,40729.9199,3686.8418,-153.8418,171051.3029,38948.6971,3678.5307,-145.5307
2025-12-24,39.91,180000.0,3073,52.738,57.351,4.4,0,2,12,161588.1513,18411.8487,3651.0391,-578.0391,161904.11,18095.89,3649.5649,-576.5649
2025-12-26,38.04,154000.0,3340,54.905,97.455,4.4,0,4,12,169711.511,-15711.511,3692.7555,-352.7555,172036.3059,-18036.3059,3681.9081,-341.9081
2025-12-27,40.01,144000.0,3138,50.596,78.269,4.4,1,5,12,141859.3955,2140.6045,3225.6617,-87.6617,143378.9804,621.0196,3218.5714,-80.5714
2025-12-28,38.43,139000.0,3174,49.152,86.546,4.4,1,6,12,142748.9667,-3748.9667,3232.1394,-58.1394,145167.5961,-6167.5961,3220.8542,-46.8542
2025-12-29,39.7,176000.0,3789,64.131,96.817,4.4,0,0,12,170434.5627,5565.4373,3690.7011,98.2989,171693.8521,4306.1479,3684.8253,104.1747
2025-12-30,40.01,175000.0,3757,67.719,100.225,4.4,0,1,12,171345.3909,3654.6091,3693.3693,63.6307,172436.8605,2563.1395,3688.2766,68.7234
2025-12-31,39.7,186000.0,3394,63.089,103.369,4.4,0,2,12,172025.6307,13974.3693,3699.273,-305.273,173593.9179,12406.0821,3691.9554,-297.9554
2026-01-02,40.25,211000.0,3826,67.321,108.574,4.3,0,4,1,163875.9737,47124.0263,3701.0983,124.9017,164744.7008,46255.2992,3697.0448,128.9552
2026-01-03,41.24,159000.0,3544,61.223,118.394,4.3,1,5,1,142276.0657,16723.9343,3267.3837,276.6163,143861.2778,15138.7222,3259.9872,284.0128
2026-01-04,40.34,141000.0,3385,57.795,118.731,4.3,1,6,1,141829.5614,-829.5614,3267.4729,117.5271,143904.4067,-2904.4067,3257.7918,127.2082
2026-01-05,40.4,159000.0,3843,67.819,174.751,4.3,0,0,1,179686.217,-20686.217,3780.9973,62.0027,183014.0894,-24014.0894,3765.4696,77.5304
2026-01-06,38.38,158000.0,3631,68.272,148.455,4.3,0,1,1,171986.8207,-13986.8207,3743.329,-112.329,174923.6016,-16923.6016,3729.6261,-98.6261
2026-01-07,38.3,165000.0,3577,67.063,141.76,4.3,0,2,1,170379.7374,-5379.7374,3735.8102,-158.8102,173152.8711,-8152.8711,3722.8709,-145.8709
2026-01-08,38.8,158000.0,3597,63.952,133.46,4.3,0,3,1,168867.5209,-10867.5209,3729.2085,-132.2085,171337.3967,-13337.3967,3717.6841,-120.6841
2026-01-09,39.45,149000.0,3702,63.557,159.494,4.3,0,4,1,175527.5891,-26527.5891,3762.6795,-60.6795,178810.2052,-29810.2052,3747.363,-45.363
2026-01-10,39.74,135000.0,3361,56.324,109.407,4.3,1,5,1,139236.5545,-4236.5545,3255.4937,105.5063,141226.7409,-6226.7409,3246.2076,114.7924
2026-01-11,39.39,122000.0,3330,52.217,94.527,4.3,1,6,1,135589.4019,-13589.4019,3239.2142,90.7858,137349.6601,-15349.6601,3231.0009,98.9991
2026-01-12,38.78,150000.0,3860,62.312,112.285,4.3,0,0,1,163877.8283,-13877.8283,3704.675,155.325,165634.4562,-15634.4562,3696.4787,163.5213
